product_id,date,page_visits,cart_adds,click_through_rate,image_views,marketplace
1,2026-01-19,270,61,6.1,115,Taobao
1,2026-01-24,143,44,6.98,120,Taobao
1,2026-02-26,557,44,7.4,274,Taobao
1,2026-03-08,262,73,6.36,266,Taobao
1,2026-03-18,203,62,5.1,216,Taobao
1,2026-03-20,479,24,6.24,167,Taobao
2,2026-01-09,127,9,3.17,33,Temu
2,2026-01-23,141,13,4.07,84,Temu
2,2026-01-29,107,10,2.21,40,Temu
2,2026-02-11,99,20,4.28,96,Temu
2,2026-02-15,71,19,1.85,66,Temu
2,2026-03-05,142,13,2.45,50,Temu
2,2026-03-08,142,6,2.03,82,Temu
2,2026-03-14,134,6,4.44,88,Temu
3,2026-01-15,116,7,1.96,63,Temu
3,2026-01-21,132,7,2.47,44,Temu
3,2026-02-02,98,18,2.18,43,Temu
3,2026-02-23,65,18,2.47,29,Temu
3,2026-03-02,86,7,1.94,89,Temu
3,2026-03-04,137,4,4.42,50,Temu
3,2026-03-05,51,17,3.11,47,Temu
3,2026-03-09,140,16,4.24,41,Temu
3,2026-04-03,78,4,4.46,53,Temu
4,2026-01-10,57,20,2.52,64,Temu
4,2026-01-18,142,6,4.17,67,Temu
4,2026-01-21,66,9,2.98,89,Temu
4,2026-02-18,120,13,3.45,87,Temu
4,2026-03-08,31,13,4.32,33,Temu
4,2026-03-18,150,8,2.51,33,Temu
4,2026-03-22,125,8,2.54,97,Temu
4,2026-03-29,56,14,2.35,53,Temu
5,2026-01-12,262,23,7.85,222,JD
5,2026-02-02,299,80,5.3,354,JD
5,2026-02-06,289,18,4.02,213,JD
5,2026-02-07,211,48,3.67,385,JD
5,2026-02-17,342,59,6.78,240,JD
5,2026-02-20,343,80,4.02,375,JD
5,2026-02-22,217,47,3.7,303,JD
5,2026-03-01,120,40,5.14,115,JD
5,2026-04-03,460,57,6.3,143,JD
6,2026-02-08,159,51,4.56,251,Shopee
6,2026-02-09,283,25,4.12,198,Shopee
6,2026-02-13,316,34,6.68,112,Shopee
6,2026-03-06,332,67,4.99,318,Shopee
6,2026-03-12,332,22,4.43,295,Shopee
6,2026-03-16,319,17,7.36,374,Shopee
6,2026-03-30,314,76,3.53,260,Shopee
6,2026-03-31,272,64,7.34,294,Shopee
7,2026-01-18,257,27,5.48,193,Temu
7,2026-01-22,266,15,5.29,184,Temu
7,2026-02-03,260,10,3.72,149,Temu
7,2026-02-09,229,31,2.74,127,Temu
7,2026-02-28,63,34,5.38,67,Temu
7,2026-03-25,170,31,4.72,157,Temu
7,2026-03-30,241,17,4.02,173,Temu
7,2026-04-07,226,25,4.66,177,Temu
7,2026-04-08,258,38,4.13,191,Temu
8,2026-02-02,132,14,5.41,115,Shopee
8,2026-02-05,118,31,3.13,43,Shopee
8,2026-02-13,241,16,3.46,53,Shopee
8,2026-03-11,201,26,4.94,72,Shopee
8,2026-03-17,223,39,2.86,43,Shopee
8,2026-03-25,206,26,4.14,152,Shopee
8,2026-03-26,147,19,5.88,104,Shopee
9,2026-01-12,210,9,6.0,108,Shopee
9,2026-01-14,207,10,5.17,84,Shopee
9,2026-01-20,180,36,5.71,86,Shopee
9,2026-02-07,209,35,4.72,165,Shopee
9,2026-02-10,83,38,3.72,125,Shopee
9,2026-02-19,142,14,5.5,124,Shopee
9,2026-03-05,165,39,3.51,142,Shopee
9,2026-03-23,268,10,4.09,120,Shopee
9,2026-03-27,124,28,2.91,143,Shopee
9,2026-04-05,281,40,5.39,40,Shopee
10,2026-02-18,98,39,5.88,72,Facebook Marketplace
10,2026-02-26,188,29,5.54,152,Facebook Marketplace
10,2026-02-27,85,37,2.55,76,Facebook Marketplace
10,2026-03-10,164,17,2.76,107,Facebook Marketplace
10,2026-04-02,146,33,4.77,124,Facebook Marketplace
10,2026-04-03,278,32,5.84,200,Facebook Marketplace
11,2026-02-06,222,20,4.67,75,Shopee
11,2026-02-07,220,14,5.66,50,Shopee
11,2026-02-14,139,36,2.62,133,Shopee
11,2026-02-23,247,16,2.82,115,Shopee
11,2026-03-13,143,34,3.11,73,Shopee
11,2026-03-27,261,31,4.36,109,Shopee
12,2026-01-13,235,31,4.41,131,Taobao
12,2026-01-21,75,33,3.47,71,Taobao
12,2026-02-05,277,37,2.82,94,Taobao
12,2026-02-08,224,9,2.68,125,Taobao
12,2026-02-24,122,16,5.25,92,Taobao
12,2026-02-25,77,21,4.55,99,Taobao
12,2026-03-06,144,17,5.26,192,Taobao
12,2026-04-07,60,25,5.5,77,Taobao
13,2026-01-17,250,31,5.34,182,Temu
13,2026-01-19,75,29,4.85,145,Temu
13,2026-01-20,150,35,5.54,53,Temu
13,2026-01-21,133,27,3.73,187,Temu
13,2026-01-28,189,21,3.04,163,Temu
13,2026-03-05,117,14,3.73,182,Temu
13,2026-03-10,154,15,5.17,186,Temu
13,2026-04-06,117,35,5.46,199,Temu
14,2026-01-11,169,33,4.98,146,Facebook Marketplace
14,2026-01-18,134,15,3.92,123,Facebook Marketplace
14,2026-02-18,103,37,5.41,132,Facebook Marketplace
14,2026-03-05,82,35,5.46,102,Facebook Marketplace
14,2026-03-08,171,33,4.33,141,Facebook Marketplace
14,2026-03-23,282,27,5.11,96,Facebook Marketplace
15,2026-01-14,153,31,5.71,139,JD
15,2026-01-29,164,29,4.88,53,JD
15,2026-02-09,262,29,2.73,64,JD
15,2026-03-06,202,32,3.49,194,JD
15,2026-03-16,283,17,3.67,189,JD
15,2026-03-17,229,17,5.71,119,JD
15,2026-03-28,227,33,2.95,61,JD
16,2026-01-12,311,45,5.24,121,Taobao
16,2026-01-15,311,43,3.63,130,Taobao
16,2026-01-20,549,57,7.06,150,Taobao
16,2026-02-06,139,51,7.63,321,Taobao
16,2026-02-22,476,32,6.91,320,Taobao
16,2026-02-28,349,15,7.58,89,Taobao
16,2026-03-03,251,42,7.26,360,Taobao
16,2026-03-07,492,69,4.0,227,Taobao
16,2026-03-14,241,53,4.05,202,Taobao
17,2026-01-13,149,13,3.19,89,Shopee
17,2026-01-14,90,12,1.9,44,Shopee
17,2026-02-03,66,15,4.13,26,Shopee
17,2026-02-15,140,14,2.54,67,Shopee
17,2026-02-18,85,16,3.81,69,Shopee
17,2026-03-08,73,9,3.14,83,Shopee
18,2026-01-28,127,6,3.35,87,JD
18,2026-02-25,76,16,2.65,55,JD
18,2026-03-06,61,7,1.87,43,JD
18,2026-03-07,93,20,2.84,91,JD
18,2026-03-27,45,12,3.89,77,JD
18,2026-04-05,57,13,3.67,82,JD
19,2026-01-18,112,6,3.01,86,JD
19,2026-01-25,74,8,4.17,90,JD
19,2026-02-18,111,9,3.87,36,JD
19,2026-02-28,85,20,4.26,27,JD
19,2026-03-02,136,7,3.2,58,JD
19,2026-03-11,51,9,2.67,48,JD
19,2026-03-17,74,20,4.22,30,JD
19,2026-03-23,62,10,3.51,90,JD
20,2026-01-11,321,79,5.56,203,Facebook Marketplace
20,2026-01-20,230,60,3.72,224,Facebook Marketplace
20,2026-01-29,373,75,4.79,84,Facebook Marketplace
20,2026-02-02,553,28,5.44,215,Facebook Marketplace
20,2026-02-17,492,61,6.94,267,Facebook Marketplace
20,2026-03-09,143,66,3.73,367,Facebook Marketplace
20,2026-03-13,219,61,5.99,117,Facebook Marketplace
20,2026-03-15,317,79,5.53,361,Facebook Marketplace
21,2026-01-11,112,34,4.26,196,Temu
21,2026-01-28,295,38,5.55,55,Temu
21,2026-02-18,240,16,4.32,183,Temu
21,2026-03-02,143,38,4.34,120,Temu
21,2026-03-03,104,37,5.69,127,Temu
21,2026-03-06,199,30,4.87,107,Temu
21,2026-04-07,216,38,3.17,103,Temu
22,2026-01-10,205,14,5.75,125,Taobao
22,2026-01-13,132,37,5.96,179,Taobao
22,2026-02-01,194,39,5.61,74,Taobao
22,2026-02-15,277,40,4.14,89,Taobao
22,2026-02-16,267,15,3.66,157,Taobao
22,2026-02-28,225,24,5.02,43,Taobao
22,2026-03-13,248,29,5.27,185,Taobao
23,2026-01-13,349,63,5.19,356,Taobao
23,2026-01-26,188,59,4.03,355,Taobao
23,2026-02-01,321,31,6.78,194,Taobao
23,2026-02-14,547,15,6.9,232,Taobao
23,2026-02-25,357,69,5.89,197,Taobao
23,2026-02-26,246,73,5.06,221,Taobao
23,2026-03-02,216,29,3.64,294,Taobao
23,2026-03-03,434,17,4.58,114,Taobao
23,2026-04-01,171,19,5.51,104,Taobao
24,2026-01-14,565,57,4.86,87,Taobao
24,2026-01-18,228,39,7.83,140,Taobao
24,2026-02-02,502,76,7.61,389,Taobao
24,2026-02-04,480,41,5.28,202,Taobao
24,2026-02-05,402,56,6.99,274,Taobao
24,2026-03-11,358,60,4.89,264,Taobao
24,2026-03-21,382,78,5.6,320,Taobao
24,2026-03-25,509,55,7.61,269,Taobao
24,2026-03-27,280,67,3.71,193,Taobao
24,2026-04-04,499,33,3.57,363,Taobao
25,2026-01-13,41,16,2.82,90,JD
25,2026-01-19,90,5,3.52,41,JD
25,2026-02-06,40,19,4.08,62,JD
25,2026-02-09,102,7,4.22,25,JD
25,2026-02-16,59,10,4.23,92,JD
25,2026-03-22,90,12,1.93,29,JD
25,2026-04-02,117,12,4.23,92,JD
25,2026-04-06,114,5,2.28,60,JD
25,2026-04-08,32,10,3.38,70,JD
26,2026-01-18,49,16,2.66,33,Shopee
26,2026-01-19,41,4,4.35,76,Shopee
26,2026-01-28,76,12,2.08,31,Shopee
26,2026-02-09,53,17,3.01,91,Shopee
26,2026-02-12,95,17,2.08,31,Shopee
26,2026-02-15,75,6,3.41,61,Shopee
26,2026-02-26,140,16,1.83,72,Shopee
26,2026-03-29,79,6,3.76,91,Shopee
26,2026-03-31,145,11,3.34,41,Shopee
27,2026-01-17,95,27,3.35,79,Facebook Marketplace
27,2026-02-15,243,35,5.26,58,Facebook Marketplace
27,2026-03-02,174,38,4.54,176,Facebook Marketplace
27,2026-03-06,189,34,4.4,132,Facebook Marketplace
27,2026-03-13,239,13,2.88,103,Facebook Marketplace
27,2026-04-05,228,30,3.08,196,Facebook Marketplace
27,2026-04-07,71,33,5.88,124,Facebook Marketplace
28,2026-02-01,33,10,3.01,74,Facebook Marketplace
28,2026-02-28,79,4,3.7,46,Facebook Marketplace
28,2026-03-01,65,6,3.36,88,Facebook Marketplace
28,2026-03-05,53,15,2.68,78,Facebook Marketplace
28,2026-03-30,44,12,3.61,82,Facebook Marketplace
28,2026-03-31,97,14,3.41,98,Facebook Marketplace
28,2026-04-03,80,7,2.74,78,Facebook Marketplace
29,2026-01-23,258,31,4.4,50,Taobao
29,2026-01-30,254,36,4.41,148,Taobao
29,2026-02-12,86,23,3.54,48,Taobao
29,2026-02-14,175,24,3.72,62,Taobao
29,2026-03-08,172,15,5.21,100,Taobao
29,2026-03-13,113,30,5.51,196,Taobao
29,2026-03-15,221,35,3.08,75,Taobao
29,2026-03-20,260,21,5.35,55,Taobao
29,2026-03-22,205,30,4.36,192,Taobao
29,2026-03-23,197,18,3.63,114,Taobao
30,2026-01-11,148,9,2.99,20,Taobao
30,2026-01-14,84,10,4.49,36,Taobao
30,2026-01-15,142,13,2.23,55,Taobao
30,2026-01-21,41,15,2.48,67,Taobao
30,2026-01-24,115,9,1.94,100,Taobao
30,2026-02-21,69,11,2.96,31,Taobao
30,2026-03-08,120,7,1.8,81,Taobao
30,2026-03-12,39,8,3.4,86,Taobao
30,2026-03-30,117,18,1.83,63,Taobao
30,2026-04-06,134,7,4.47,74,Taobao
31,2026-01-18,575,16,7.94,242,JD
31,2026-02-08,187,64,7.37,371,JD
31,2026-03-13,335,61,5.96,168,JD
31,2026-03-17,510,75,7.8,117,JD
31,2026-03-26,128,23,3.56,190,JD
31,2026-03-31,140,22,7.77,283,JD
32,2026-01-15,105,22,5.32,51,Taobao
32,2026-01-18,162,12,5.57,112,Taobao
32,2026-01-24,258,27,3.65,181,Taobao
32,2026-02-12,176,8,3.79,114,Taobao
32,2026-02-25,204,27,5.09,102,Taobao
32,2026-03-14,178,31,4.57,166,Taobao
32,2026-03-23,257,20,5.06,179,Taobao
32,2026-04-05,254,23,3.03,144,Taobao
33,2026-01-12,168,74,3.96,151,Shopee
33,2026-01-31,182,16,3.78,193,Shopee
33,2026-02-09,186,40,7.21,270,Shopee
33,2026-02-11,471,25,6.12,212,Shopee
33,2026-03-01,589,24,3.6,113,Shopee
33,2026-03-07,221,71,7.14,127,Shopee
33,2026-03-20,583,57,4.05,316,Shopee
33,2026-03-21,145,36,7.66,301,Shopee
34,2026-01-18,420,27,5.01,245,JD
34,2026-01-23,189,35,6.8,303,JD
34,2026-02-24,525,77,6.42,169,JD
34,2026-02-25,482,60,4.5,381,JD
34,2026-02-28,537,37,5.2,230,JD
34,2026-03-17,185,37,6.78,373,JD
34,2026-04-03,320,19,4.32,242,JD
35,2026-01-21,201,24,4.81,116,Taobao
35,2026-02-02,120,14,2.67,186,Taobao
35,2026-02-04,200,39,3.04,132,Taobao
35,2026-02-20,60,35,2.81,200,Taobao
35,2026-03-02,213,38,3.2,46,Taobao
35,2026-04-08,112,18,4.73,60,Taobao
36,2026-01-10,166,17,3.02,190,Taobao
36,2026-01-23,209,14,5.74,184,Taobao
36,2026-02-13,259,14,5.25,177,Taobao
36,2026-02-19,285,30,5.57,107,Taobao
36,2026-03-03,158,39,4.5,161,Taobao
36,2026-03-08,69,19,3.46,76,Taobao
36,2026-03-16,218,33,2.64,124,Taobao
36,2026-03-25,236,23,2.67,161,Taobao
36,2026-03-29,295,25,5.64,45,Taobao
36,2026-04-08,146,27,3.59,165,Taobao
37,2026-01-16,283,32,6.75,334,JD
37,2026-01-28,271,48,7.58,287,JD
37,2026-02-02,318,19,6.12,372,JD
37,2026-02-08,537,39,5.04,193,JD
37,2026-03-01,471,75,7.58,263,JD
37,2026-03-16,379,53,7.3,365,JD
37,2026-03-26,212,52,3.94,145,JD
37,2026-04-03,499,48,6.76,366,JD
38,2026-01-20,111,17,2.89,81,Facebook Marketplace
38,2026-01-25,79,4,1.9,45,Facebook Marketplace
38,2026-01-29,123,15,4.37,61,Facebook Marketplace
38,2026-03-05,126,20,2.31,20,Facebook Marketplace
38,2026-03-12,110,11,2.41,64,Facebook Marketplace
38,2026-03-23,69,8,2.08,84,Facebook Marketplace
38,2026-03-28,105,13,2.25,25,Facebook Marketplace
39,2026-01-15,45,12,3.08,39,JD
39,2026-01-23,56,4,2.61,32,JD
39,2026-02-26,114,20,2.53,97,JD
39,2026-03-03,119,8,2.93,33,JD
39,2026-03-06,95,7,2.56,33,JD
39,2026-04-07,93,10,3.44,53,JD
40,2026-01-16,293,38,5.31,152,Facebook Marketplace
40,2026-01-22,106,32,5.23,196,Facebook Marketplace
40,2026-01-23,67,16,4.19,164,Facebook Marketplace
40,2026-01-25,88,34,4.04,56,Facebook Marketplace
40,2026-01-29,126,28,2.54,174,Facebook Marketplace
40,2026-03-03,256,22,5.92,126,Facebook Marketplace
40,2026-04-08,192,14,4.01,103,Facebook Marketplace
41,2026-01-22,271,20,5.01,67,Temu
41,2026-01-24,253,34,2.66,190,Temu
41,2026-02-02,91,36,4.1,190,Temu
41,2026-02-03,189,16,5.87,41,Temu
41,2026-02-05,195,11,4.44,150,Temu
41,2026-02-10,274,38,5.74,85,Temu
41,2026-02-28,237,19,5.06,72,Temu
41,2026-03-08,86,32,4.8,195,Temu
41,2026-03-28,285,28,4.26,138,Temu
42,2026-01-15,130,14,4.41,26,JD
42,2026-02-08,31,12,2.35,76,JD
42,2026-02-14,136,11,4.26,67,JD
42,2026-02-26,126,10,3.9,44,JD
42,2026-02-27,67,18,2.28,29,JD
42,2026-03-03,53,9,3.78,35,JD
42,2026-03-15,78,5,2.96,91,JD
42,2026-04-04,63,8,2.23,52,JD
42,2026-04-07,30,14,3.06,39,JD
42,2026-04-08,35,8,4.31,96,JD
43,2026-01-14,257,8,4.69,93,Temu
43,2026-01-19,231,21,5.53,148,Temu
43,2026-01-21,273,14,3.22,151,Temu
43,2026-01-30,225,12,5.11,79,Temu
43,2026-02-02,66,37,5.01,49,Temu
43,2026-02-15,82,12,2.69,104,Temu
43,2026-02-19,202,12,4.51,98,Temu
43,2026-03-15,293,24,3.93,155,Temu
43,2026-04-02,221,33,4.02,44,Temu
44,2026-01-25,120,14,3.5,57,Facebook Marketplace
44,2026-02-20,290,20,3.61,155,Facebook Marketplace
44,2026-02-23,144,27,4.93,79,Facebook Marketplace
44,2026-03-12,204,31,5.33,149,Facebook Marketplace
44,2026-03-24,103,8,3.6,96,Facebook Marketplace
44,2026-04-02,242,35,3.47,132,Facebook Marketplace
44,2026-04-04,94,29,5.57,158,Facebook Marketplace
45,2026-01-14,56,20,4.25,66,Taobao
45,2026-01-17,79,19,4.28,25,Taobao
45,2026-02-06,35,14,2.08,86,Taobao
45,2026-02-07,111,12,4.05,53,Taobao
45,2026-02-11,104,9,2.82,68,Taobao
45,2026-02-23,76,6,3.19,68,Taobao
45,2026-02-25,146,11,3.19,65,Taobao
45,2026-03-12,134,15,3.11,81,Taobao
45,2026-04-04,143,4,3.15,37,Taobao
46,2026-01-21,210,75,7.56,387,Temu
46,2026-01-28,139,79,6.89,127,Temu
46,2026-03-03,366,31,7.56,356,Temu
46,2026-03-14,543,15,7.54,300,Temu
46,2026-03-16,387,68,5.17,102,Temu
46,2026-03-27,477,69,4.53,326,Temu
46,2026-04-06,524,63,5.08,374,Temu
47,2026-01-16,344,16,4.41,345,Facebook Marketplace
47,2026-01-31,266,39,3.65,386,Facebook Marketplace
47,2026-02-14,381,44,6.27,98,Facebook Marketplace
47,2026-03-13,304,45,6.45,160,Facebook Marketplace
47,2026-03-16,164,50,7.01,260,Facebook Marketplace
47,2026-03-26,462,65,5.32,182,Facebook Marketplace
47,2026-03-28,385,16,6.82,115,Facebook Marketplace
47,2026-03-31,590,26,5.97,366,Facebook Marketplace
47,2026-04-02,588,59,5.06,221,Facebook Marketplace
48,2026-01-19,459,78,6.26,357,Facebook Marketplace
48,2026-01-22,141,76,5.17,241,Facebook Marketplace
48,2026-01-24,372,50,5.71,341,Facebook Marketplace
48,2026-01-28,263,65,4.5,375,Facebook Marketplace
48,2026-02-23,185,21,5.87,296,Facebook Marketplace
48,2026-03-29,364,19,5.76,281,Facebook Marketplace
48,2026-04-05,560,37,5.56,141,Facebook Marketplace
49,2026-02-12,350,67,4.25,91,Temu
49,2026-02-24,184,45,6.48,120,Temu
49,2026-02-28,227,36,5.29,128,Temu
49,2026-03-06,152,75,5.97,93,Temu
49,2026-03-16,514,65,5.86,122,Temu
49,2026-03-25,173,48,6.28,123,Temu
49,2026-03-27,455,64,4.89,206,Temu
49,2026-04-01,497,51,5.49,144,Temu
50,2026-01-23,216,56,3.59,105,Shopee
50,2026-02-12,393,17,4.34,132,Shopee
50,2026-03-07,264,49,4.06,304,Shopee
50,2026-03-08,492,16,4.55,157,Shopee
50,2026-03-12,127,78,4.48,295,Shopee
50,2026-03-29,279,78,7.99,317,Shopee
50,2026-03-31,476,19,4.99,154,Shopee
50,2026-04-08,148,49,6.99,116,Shopee
51,2026-01-14,476,77,4.35,175,Shopee
51,2026-02-10,398,59,4.96,319,Shopee
51,2026-02-15,260,35,3.81,159,Shopee
51,2026-03-06,350,52,7.19,357,Shopee
51,2026-03-12,307,73,3.5,339,Shopee
51,2026-03-19,314,38,7.47,397,Shopee
51,2026-03-21,558,61,6.99,202,Shopee
52,2026-01-29,401,56,7.3,291,Temu
52,2026-02-18,511,70,7.22,245,Temu
52,2026-02-21,431,45,6.03,189,Temu
52,2026-02-23,312,47,5.12,311,Temu
52,2026-03-06,349,65,3.5,97,Temu
52,2026-03-14,265,17,5.83,234,Temu
52,2026-03-18,123,53,7.93,189,Temu
52,2026-03-26,558,55,3.6,221,Temu
52,2026-04-03,590,80,6.0,372,Temu
53,2026-01-15,400,66,4.68,284,Facebook Marketplace
53,2026-01-19,376,70,6.98,146,Facebook Marketplace
53,2026-01-25,510,32,5.66,181,Facebook Marketplace
53,2026-01-27,369,65,6.44,180,Facebook Marketplace
53,2026-02-21,407,46,4.59,216,Facebook Marketplace
53,2026-02-28,517,70,4.96,374,Facebook Marketplace
53,2026-03-10,165,29,6.52,296,Facebook Marketplace
53,2026-03-23,307,59,4.36,256,Facebook Marketplace
54,2026-01-14,321,35,3.58,260,JD
54,2026-02-09,301,53,4.56,336,JD
54,2026-02-17,261,22,6.32,278,JD
54,2026-02-20,575,18,7.75,223,JD
54,2026-03-12,235,34,5.04,281,JD
54,2026-03-17,456,32,3.9,275,JD
55,2026-01-17,281,39,4.91,157,Taobao
55,2026-01-31,287,23,4.0,50,Taobao
55,2026-02-03,215,32,5.02,140,Taobao
55,2026-02-04,216,10,4.32,155,Taobao
55,2026-02-06,176,10,5.57,102,Taobao
55,2026-03-02,192,33,5.94,50,Taobao
55,2026-03-06,202,32,4.31,52,Taobao
55,2026-04-04,108,26,4.04,117,Taobao
56,2026-01-19,427,15,4.6,360,Taobao
56,2026-02-05,262,41,3.72,155,Taobao
56,2026-02-08,148,59,3.67,96,Taobao
56,2026-03-02,461,53,4.99,124,Taobao
56,2026-03-06,145,28,5.38,171,Taobao
56,2026-03-08,202,51,6.25,384,Taobao
56,2026-03-10,413,37,7.85,376,Taobao
56,2026-03-25,304,19,3.92,233,Taobao
56,2026-04-03,285,62,7.54,114,Taobao
57,2026-01-10,69,13,3.17,61,JD
57,2026-01-17,128,4,2.11,62,JD
57,2026-02-03,73,16,3.76,98,JD
57,2026-02-10,33,9,2.32,63,JD
57,2026-02-14,148,19,4.27,24,JD
57,2026-03-31,112,8,3.1,100,JD
57,2026-04-07,88,14,3.05,72,JD
58,2026-01-09,597,20,6.59,384,Taobao
58,2026-01-23,566,26,5.0,103,Taobao
58,2026-02-17,172,54,3.6,239,Taobao
58,2026-02-27,447,41,4.94,178,Taobao
58,2026-03-08,266,50,5.9,305,Taobao
58,2026-03-16,463,30,4.73,160,Taobao
59,2026-01-30,207,16,4.28,143,Shopee
59,2026-02-14,269,14,3.64,58,Shopee
59,2026-02-22,262,27,4.36,142,Shopee
59,2026-03-09,211,34,3.34,102,Shopee
59,2026-03-11,200,18,5.91,138,Shopee
59,2026-03-27,76,29,3.23,191,Shopee
60,2026-01-09,120,35,4.96,140,Facebook Marketplace
60,2026-01-12,220,28,4.99,143,Facebook Marketplace
60,2026-01-23,157,35,4.41,84,Facebook Marketplace
60,2026-02-14,181,16,3.16,138,Facebook Marketplace
60,2026-02-23,275,31,5.44,79,Facebook Marketplace
60,2026-03-21,133,16,2.97,58,Facebook Marketplace
61,2026-01-12,131,25,5.5,43,Shopee
61,2026-01-18,249,15,4.61,191,Shopee
61,2026-01-19,249,17,4.81,134,Shopee
61,2026-01-25,266,19,3.41,100,Shopee
61,2026-02-10,184,19,5.3,48,Shopee
61,2026-02-13,147,13,5.89,192,Shopee
61,2026-02-14,299,17,5.43,145,Shopee
61,2026-03-12,257,32,3.33,152,Shopee
61,2026-03-14,245,18,3.24,128,Shopee
61,2026-03-28,73,24,5.14,69,Shopee
62,2026-01-10,117,18,2.75,56,JD
62,2026-01-17,62,10,1.89,99,JD
62,2026-01-21,41,5,4.33,47,JD
62,2026-01-22,106,7,3.71,35,JD
62,2026-03-02,41,8,2.82,92,JD
62,2026-03-17,132,9,4.22,43,JD
63,2026-01-09,276,12,4.39,40,Temu
63,2026-02-28,158,38,2.92,177,Temu
63,2026-03-01,299,30,3.67,117,Temu
63,2026-03-05,162,11,4.71,63,Temu
63,2026-03-11,153,29,2.78,157,Temu
63,2026-03-12,254,26,4.77,85,Temu
63,2026-03-15,201,10,5.89,88,Temu
63,2026-03-23,136,32,5.64,131,Temu
64,2026-01-21,64,39,2.78,41,JD
64,2026-01-26,105,13,4.97,191,JD
64,2026-01-29,287,26,3.96,161,JD
64,2026-02-26,237,16,3.22,109,JD
64,2026-03-28,193,36,3.94,84,JD
64,2026-03-30,216,10,4.59,167,JD
65,2026-01-13,94,15,5.48,157,Facebook Marketplace
65,2026-01-16,167,18,5.16,96,Facebook Marketplace
65,2026-01-25,286,26,4.61,196,Facebook Marketplace
65,2026-02-03,291,18,4.52,181,Facebook Marketplace
65,2026-02-13,278,22,2.8,173,Facebook Marketplace
65,2026-02-20,185,21,4.57,158,Facebook Marketplace
65,2026-03-22,131,8,5.06,103,Facebook Marketplace
65,2026-04-07,123,28,4.02,96,Facebook Marketplace
66,2026-01-26,89,38,5.08,188,Temu
66,2026-02-04,283,21,5.14,97,Temu
66,2026-02-08,142,30,5.64,168,Temu
66,2026-02-20,234,35,3.47,56,Temu
66,2026-03-19,155,30,4.08,168,Temu
66,2026-03-21,194,15,4.15,176,Temu
67,2026-01-12,177,28,3.05,179,Temu
67,2026-01-24,189,29,4.77,115,Temu
67,2026-01-27,181,26,5.89,186,Temu
67,2026-02-16,230,17,5.3,153,Temu
67,2026-03-01,146,15,5.06,50,Temu
67,2026-03-13,95,15,3.58,142,Temu
67,2026-03-18,218,22,4.06,63,Temu
68,2026-01-14,117,9,5.27,79,JD
68,2026-02-16,127,27,5.85,160,JD
68,2026-03-09,91,26,3.96,165,JD
68,2026-03-12,292,23,2.6,110,JD
68,2026-03-13,186,12,4.6,132,JD
68,2026-03-20,208,38,4.48,106,JD
68,2026-03-21,220,38,5.91,70,JD
68,2026-03-24,155,40,5.07,44,JD
69,2026-01-25,184,41,4.09,120,Temu
69,2026-01-27,337,29,3.85,327,Temu
69,2026-02-06,507,70,3.69,135,Temu
69,2026-02-07,136,80,6.17,320,Temu
69,2026-02-17,180,47,3.69,234,Temu
69,2026-04-07,461,16,6.9,143,Temu
70,2026-01-10,80,18,3.21,30,Taobao
70,2026-01-17,45,8,2.87,95,Taobao
70,2026-01-22,43,9,1.97,45,Taobao
70,2026-01-31,73,10,3.41,71,Taobao
70,2026-02-02,45,11,4.06,83,Taobao
70,2026-02-25,65,12,3.84,71,Taobao
70,2026-03-10,75,19,3.6,71,Taobao
70,2026-03-12,92,20,2.55,78,Taobao
70,2026-04-05,43,7,2.48,83,Taobao
71,2026-01-29,74,33,3.42,191,Taobao
71,2026-03-10,156,30,5.18,112,Taobao
71,2026-03-14,142,11,2.6,51,Taobao
71,2026-03-19,92,31,3.72,189,Taobao
71,2026-03-20,66,29,3.83,149,Taobao
71,2026-03-21,148,30,3.94,54,Taobao
71,2026-03-23,229,23,3.37,119,Taobao
71,2026-04-03,211,13,5.69,56,Taobao
71,2026-04-06,282,27,2.9,83,Taobao
72,2026-02-01,278,35,5.77,200,Facebook Marketplace
72,2026-02-05,75,20,3.77,77,Facebook Marketplace
72,2026-02-12,121,17,5.11,116,Facebook Marketplace
72,2026-03-09,276,35,3.94,56,Facebook Marketplace
72,2026-03-13,222,21,5.46,108,Facebook Marketplace
72,2026-03-18,270,26,4.76,105,Facebook Marketplace
72,2026-03-23,235,23,3.92,69,Facebook Marketplace
72,2026-03-28,98,20,2.6,119,Facebook Marketplace
72,2026-03-31,178,39,4.46,151,Facebook Marketplace
72,2026-04-03,168,10,3.21,109,Facebook Marketplace
73,2026-01-10,594,47,4.85,200,Facebook Marketplace
73,2026-01-24,272,41,7.37,162,Facebook Marketplace
73,2026-02-08,588,71,6.34,288,Facebook Marketplace
73,2026-02-27,524,19,4.73,121,Facebook Marketplace
73,2026-02-28,541,77,5.62,291,Facebook Marketplace
73,2026-03-06,594,57,6.73,131,Facebook Marketplace
73,2026-03-18,542,35,6.64,339,Facebook Marketplace
73,2026-04-06,153,60,5.39,360,Facebook Marketplace
74,2026-01-25,170,21,4.6,112,Shopee
74,2026-02-02,246,20,3.96,144,Shopee
74,2026-02-04,262,17,2.6,107,Shopee
74,2026-02-12,120,36,5.68,134,Shopee
74,2026-02-14,209,37,2.8,160,Shopee
74,2026-02-26,94,28,5.91,141,Shopee
74,2026-03-13,235,21,5.0,148,Shopee
75,2026-01-14,45,15,2.05,56,Taobao
75,2026-01-23,53,9,3.82,54,Taobao
75,2026-01-27,102,10,3.38,20,Taobao
75,2026-02-23,97,9,2.92,29,Taobao
75,2026-03-06,61,19,3.63,62,Taobao
75,2026-03-08,33,13,3.64,35,Taobao
75,2026-03-12,80,15,3.39,33,Taobao
75,2026-03-13,137,14,2.22,30,Taobao
75,2026-03-21,88,19,3.03,54,Taobao
76,2026-01-19,134,37,4.03,162,Taobao
76,2026-01-28,136,17,5.94,116,Taobao
76,2026-02-06,275,23,4.33,115,Taobao
76,2026-03-13,205,11,4.43,51,Taobao
76,2026-03-17,191,14,4.29,145,Taobao
76,2026-03-30,84,37,4.81,185,Taobao
76,2026-04-01,268,24,3.74,189,Taobao
76,2026-04-05,80,40,2.56,158,Taobao
76,2026-04-06,105,19,5.45,51,Taobao
77,2026-01-20,195,75,5.4,139,Facebook Marketplace
77,2026-02-02,205,34,6.82,307,Facebook Marketplace
77,2026-02-16,368,75,3.59,310,Facebook Marketplace
77,2026-03-05,419,46,4.41,371,Facebook Marketplace
77,2026-03-09,544,65,3.73,84,Facebook Marketplace
77,2026-03-18,172,70,7.91,333,Facebook Marketplace
77,2026-03-30,497,52,3.67,284,Facebook Marketplace
78,2026-01-14,200,52,6.69,339,JD
78,2026-01-22,375,27,4.19,266,JD
78,2026-01-24,291,32,4.05,183,JD
78,2026-01-30,344,68,6.96,83,JD
78,2026-02-04,245,75,5.04,338,JD
78,2026-02-24,207,25,4.7,292,JD
78,2026-03-14,304,46,4.18,351,JD
78,2026-03-21,335,44,4.12,299,JD
78,2026-03-28,331,67,7.54,344,JD
78,2026-03-30,526,61,7.75,306,JD
79,2026-01-24,72,15,4.07,186,Facebook Marketplace
79,2026-02-11,248,8,4.09,100,Facebook Marketplace
79,2026-02-23,266,22,3.73,112,Facebook Marketplace
79,2026-02-25,230,16,5.0,173,Facebook Marketplace
79,2026-03-14,248,23,2.87,172,Facebook Marketplace
79,2026-03-30,209,20,5.38,132,Facebook Marketplace
80,2026-01-20,264,34,3.86,141,Temu
80,2026-01-25,146,10,5.85,153,Temu
80,2026-01-26,248,25,4.76,82,Temu
80,2026-01-28,241,9,4.5,119,Temu
80,2026-02-19,203,15,4.75,61,Temu
80,2026-03-07,109,11,5.85,173,Temu
80,2026-03-08,108,38,4.26,44,Temu
80,2026-03-14,90,19,5.87,110,Temu
80,2026-03-31,261,21,3.36,188,Temu
80,2026-04-04,173,13,5.32,195,Temu
81,2026-01-11,64,7,2.47,91,JD
81,2026-01-12,113,8,2.62,72,JD
81,2026-02-07,87,6,4.08,84,JD
81,2026-03-02,56,8,2.81,41,JD
81,2026-03-11,130,11,3.25,74,JD
81,2026-03-31,146,18,1.91,79,JD
82,2026-01-09,165,39,5.17,177,Shopee
82,2026-01-10,80,12,4.39,153,Shopee
82,2026-01-31,232,15,3.74,136,Shopee
82,2026-03-10,271,30,3.85,42,Shopee
82,2026-03-27,91,37,3.8,89,Shopee
82,2026-04-05,173,8,3.28,45,Shopee
83,2026-01-17,220,14,2.6,150,JD
83,2026-01-30,266,9,4.57,200,JD
83,2026-02-03,299,29,5.44,103,JD
83,2026-02-09,87,38,3.33,127,JD
83,2026-02-17,273,11,5.38,173,JD
83,2026-02-20,263,23,5.8,193,JD
84,2026-01-25,253,30,3.59,178,Taobao
84,2026-02-17,258,17,3.02,119,Taobao
84,2026-03-05,214,29,3.52,42,Taobao
84,2026-03-15,192,17,2.7,169,Taobao
84,2026-03-24,269,11,3.98,90,Taobao
84,2026-04-02,111,20,5.25,127,Taobao
85,2026-01-11,130,7,2.71,46,Shopee
85,2026-01-21,69,18,2.45,67,Shopee
85,2026-01-26,114,9,4.34,99,Shopee
85,2026-02-11,142,17,4.17,28,Shopee
85,2026-02-26,45,8,4.18,36,Shopee
85,2026-04-02,131,10,2.32,68,Shopee
85,2026-04-05,118,15,2.66,74,Shopee
86,2026-02-05,103,9,4.33,67,Temu
86,2026-02-08,62,6,2.16,30,Temu
86,2026-02-17,67,18,3.2,49,Temu
86,2026-02-26,104,5,3.06,99,Temu
86,2026-02-28,73,17,3.02,75,Temu
86,2026-03-04,82,15,3.97,60,Temu
86,2026-03-07,64,16,1.87,76,Temu
87,2026-02-07,262,13,3.6,88,JD
87,2026-02-21,169,34,3.23,155,JD
87,2026-03-09,278,9,3.81,187,JD
87,2026-03-10,283,16,3.57,42,JD
87,2026-03-16,187,30,3.69,147,JD
87,2026-03-20,168,33,5.17,177,JD
87,2026-03-25,136,28,4.55,185,JD
88,2026-01-25,214,27,4.56,168,JD
88,2026-01-29,243,37,3.46,41,JD
88,2026-02-04,96,36,2.72,142,JD
88,2026-02-17,214,23,4.34,185,JD
88,2026-03-05,285,39,4.11,187,JD
88,2026-03-10,70,13,3.51,156,JD
88,2026-04-04,148,27,3.87,84,JD
89,2026-01-09,72,32,5.18,103,Shopee
89,2026-01-15,155,23,3.2,44,Shopee
89,2026-01-22,167,9,5.96,126,Shopee
89,2026-02-17,270,20,4.88,56,Shopee
89,2026-02-27,116,14,5.29,82,Shopee
89,2026-03-06,245,18,2.65,171,Shopee
89,2026-03-26,87,28,3.63,200,Shopee
89,2026-04-01,108,21,5.77,141,Shopee
89,2026-04-03,300,35,2.92,94,Shopee
89,2026-04-07,87,30,3.63,43,Shopee
90,2026-01-13,141,10,4.32,146,Facebook Marketplace
90,2026-01-26,225,26,5.13,98,Facebook Marketplace
90,2026-02-04,276,29,3.7,92,Facebook Marketplace
90,2026-02-08,198,11,5.67,103,Facebook Marketplace
90,2026-02-13,265,22,4.63,137,Facebook Marketplace
90,2026-02-20,193,28,3.14,41,Facebook Marketplace
90,2026-03-06,76,39,2.74,89,Facebook Marketplace
90,2026-03-26,73,17,5.78,72,Facebook Marketplace
90,2026-04-01,83,19,4.57,92,Facebook Marketplace
91,2026-01-27,353,33,4.64,388,Temu
91,2026-02-11,416,35,3.56,127,Temu
91,2026-03-27,449,64,5.29,380,Temu
91,2026-04-01,581,25,5.83,176,Temu
91,2026-04-04,568,69,4.25,298,Temu
91,2026-04-08,249,53,5.75,352,Temu
92,2026-01-16,151,29,5.32,40,JD
92,2026-02-08,176,33,5.04,75,JD
92,2026-02-18,66,15,5.54,111,JD
92,2026-02-24,239,23,3.79,198,JD
92,2026-02-26,235,38,4.3,88,JD
92,2026-03-01,60,28,2.56,132,JD
92,2026-03-28,283,10,5.89,123,JD
92,2026-04-04,233,36,3.32,164,JD
93,2026-01-23,207,8,3.59,191,Taobao
93,2026-01-25,197,20,5.46,148,Taobao
93,2026-02-02,141,31,5.29,72,Taobao
93,2026-02-18,193,22,2.87,42,Taobao
93,2026-02-25,197,37,3.61,115,Taobao
93,2026-02-26,274,22,4.25,156,Taobao
93,2026-03-23,97,26,3.01,48,Taobao
93,2026-03-25,213,28,3.58,71,Taobao
94,2026-01-16,181,19,5.81,70,Shopee
94,2026-01-21,191,29,4.58,78,Shopee
94,2026-01-30,220,33,3.36,70,Shopee
94,2026-02-23,121,33,4.21,192,Shopee
94,2026-02-26,104,32,5.22,62,Shopee
94,2026-03-04,259,37,5.53,137,Shopee
94,2026-04-05,130,36,3.79,70,Shopee
95,2026-01-14,196,36,2.99,165,Taobao
95,2026-02-09,237,28,4.33,130,Taobao
95,2026-02-15,215,40,3.23,65,Taobao
95,2026-02-16,229,10,3.33,88,Taobao
95,2026-03-16,96,27,5.5,95,Taobao
95,2026-04-03,94,21,4.57,111,Taobao
96,2026-01-15,106,30,5.32,176,Temu
96,2026-01-21,201,33,4.17,72,Temu
96,2026-01-30,126,8,4.9,79,Temu
96,2026-02-12,228,16,3.0,185,Temu
96,2026-02-18,248,25,2.69,134,Temu
96,2026-02-27,241,23,4.87,147,Temu
96,2026-03-20,240,37,3.14,130,Temu
96,2026-03-27,264,37,4.26,110,Temu
97,2026-01-19,123,34,6.96,208,Facebook Marketplace
97,2026-01-24,235,75,5.28,233,Facebook Marketplace
97,2026-01-28,306,69,7.51,354,Facebook Marketplace
97,2026-03-02,535,49,3.99,304,Facebook Marketplace
97,2026-03-12,456,71,4.23,261,Facebook Marketplace
97,2026-03-15,502,70,3.53,181,Facebook Marketplace
97,2026-03-17,176,39,4.78,148,Facebook Marketplace
98,2026-01-14,120,21,6.47,244,JD
98,2026-01-15,228,51,5.62,390,JD
98,2026-02-01,171,70,4.33,331,JD
98,2026-02-09,306,57,4.87,129,JD
98,2026-02-13,462,16,6.57,146,JD
98,2026-02-18,289,61,6.84,265,JD
98,2026-02-22,500,62,4.57,221,JD
98,2026-03-03,227,64,3.89,134,JD
99,2026-01-15,448,46,7.95,187,JD
99,2026-01-26,393,29,3.51,257,JD
99,2026-01-27,443,62,4.96,361,JD
99,2026-02-12,255,32,5.34,393,JD
99,2026-02-13,270,56,7.93,400,JD
99,2026-03-31,537,16,7.21,192,JD
100,2026-01-26,138,29,4.18,102,Facebook Marketplace
100,2026-01-29,74,25,4.7,71,Facebook Marketplace
100,2026-02-03,65,10,2.86,115,Facebook Marketplace
100,2026-03-06,86,40,5.6,146,Facebook Marketplace
100,2026-03-11,96,8,5.69,46,Facebook Marketplace
100,2026-03-22,118,35,3.85,130,Facebook Marketplace
101,2026-01-27,271,22,2.7,75,Taobao
101,2026-02-04,90,17,3.82,46,Taobao
101,2026-02-09,238,35,3.8,67,Taobao
101,2026-02-15,229,12,4.17,192,Taobao
101,2026-03-03,282,18,2.61,133,Taobao
101,2026-03-08,96,13,3.36,43,Taobao
101,2026-03-20,205,34,3.02,86,Taobao
102,2026-01-14,83,27,2.53,131,Shopee
102,2026-01-15,252,26,5.86,168,Shopee
102,2026-01-19,109,28,5.13,131,Shopee
102,2026-02-12,93,14,3.66,168,Shopee
102,2026-02-18,85,40,5.33,78,Shopee
102,2026-03-11,66,32,4.17,49,Shopee
102,2026-03-22,134,18,3.03,158,Shopee
103,2026-01-19,189,36,3.42,50,Facebook Marketplace
103,2026-01-25,218,11,5.09,102,Facebook Marketplace
103,2026-02-18,239,8,3.04,66,Facebook Marketplace
103,2026-02-24,134,32,3.05,142,Facebook Marketplace
103,2026-02-25,278,12,3.28,158,Facebook Marketplace
103,2026-03-02,231,13,3.72,159,Facebook Marketplace
103,2026-03-06,224,37,2.88,86,Facebook Marketplace
103,2026-03-15,247,14,5.71,141,Facebook Marketplace
103,2026-03-29,256,35,3.2,124,Facebook Marketplace
103,2026-04-06,76,28,3.7,194,Facebook Marketplace
104,2026-01-23,244,8,5.96,72,Taobao
104,2026-02-11,222,36,4.74,188,Taobao
104,2026-02-18,84,10,3.27,88,Taobao
104,2026-03-02,167,18,4.6,95,Taobao
104,2026-03-13,149,21,5.83,187,Taobao
104,2026-03-16,63,31,5.35,44,Taobao
104,2026-04-05,137,27,4.26,71,Taobao
105,2026-01-25,163,28,4.31,151,Shopee
105,2026-01-31,119,14,4.99,72,Shopee
105,2026-02-27,189,15,4.71,140,Shopee
105,2026-03-04,275,24,5.43,80,Shopee
105,2026-03-23,142,21,2.83,46,Shopee
105,2026-03-31,171,8,4.7,191,Shopee
106,2026-01-09,192,40,5.16,95,Facebook Marketplace
106,2026-01-11,281,31,2.9,95,Facebook Marketplace
106,2026-01-12,67,28,2.98,61,Facebook Marketplace
106,2026-01-24,246,16,3.44,163,Facebook Marketplace
106,2026-01-29,111,13,3.72,181,Facebook Marketplace
106,2026-02-02,226,26,4.13,166,Facebook Marketplace
106,2026-02-10,171,40,5.81,89,Facebook Marketplace
106,2026-03-16,124,19,3.19,111,Facebook Marketplace
106,2026-03-18,160,14,4.54,190,Facebook Marketplace
106,2026-03-27,139,18,5.28,164,Facebook Marketplace
107,2026-01-24,143,32,3.33,45,Shopee
107,2026-01-30,132,9,4.75,187,Shopee
107,2026-02-13,61,37,3.5,143,Shopee
107,2026-03-03,69,10,3.68,44,Shopee
107,2026-03-07,77,38,2.83,146,Shopee
107,2026-03-26,245,27,3.46,128,Shopee
108,2026-01-22,116,31,3.85,155,JD
108,2026-01-25,282,40,3.21,142,JD
108,2026-01-28,108,12,3.47,82,JD
108,2026-02-17,235,27,5.83,187,JD
108,2026-02-18,225,14,3.02,67,JD
108,2026-03-08,250,15,3.34,157,JD
108,2026-03-14,107,25,2.6,175,JD
108,2026-03-15,175,30,3.43,180,JD
108,2026-03-17,81,30,4.01,78,JD
108,2026-04-02,161,40,4.01,125,JD
109,2026-01-17,102,19,3.66,156,Taobao
109,2026-01-30,96,8,4.83,149,Taobao
109,2026-02-08,145,9,3.12,107,Taobao
109,2026-02-17,285,12,3.1,42,Taobao
109,2026-02-18,212,30,5.89,189,Taobao
109,2026-03-11,60,39,5.56,160,Taobao
109,2026-03-29,88,10,5.37,185,Taobao
109,2026-04-06,234,26,5.42,174,Taobao
109,2026-04-07,188,18,5.14,64,Taobao
109,2026-04-08,85,27,5.31,125,Taobao
110,2026-01-09,149,26,5.25,168,Taobao
110,2026-01-15,230,17,5.84,109,Taobao
110,2026-01-24,96,20,4.01,60,Taobao
110,2026-01-26,134,22,2.61,130,Taobao
110,2026-02-10,123,32,3.98,65,Taobao
110,2026-02-17,288,24,5.72,192,Taobao
110,2026-02-23,139,19,4.47,122,Taobao
110,2026-03-05,265,16,4.89,91,Taobao
110,2026-03-12,124,16,3.96,91,Taobao
110,2026-04-03,137,27,2.8,185,Taobao
111,2026-01-26,111,8,2.61,59,Shopee
111,2026-01-27,122,4,3.98,99,Shopee
111,2026-02-06,118,10,2.11,20,Shopee
111,2026-03-13,49,7,3.2,51,Shopee
111,2026-03-16,56,7,3.08,84,Shopee
111,2026-03-21,86,16,1.95,35,Shopee
111,2026-04-05,68,16,3.11,43,Shopee
112,2026-01-10,279,40,3.24,174,Facebook Marketplace
112,2026-01-14,159,40,2.72,78,Facebook Marketplace
112,2026-01-26,150,29,4.11,75,Facebook Marketplace
112,2026-01-29,131,27,5.73,57,Facebook Marketplace
112,2026-02-13,294,38,3.82,160,Facebook Marketplace
112,2026-02-23,215,19,4.52,169,Facebook Marketplace
112,2026-03-06,258,24,2.95,122,Facebook Marketplace
112,2026-03-08,210,30,4.55,143,Facebook Marketplace
112,2026-03-09,77,10,2.6,80,Facebook Marketplace
112,2026-03-14,119,14,4.83,167,Facebook Marketplace
113,2026-01-18,376,54,5.3,109,Facebook Marketplace
113,2026-02-08,399,29,6.12,214,Facebook Marketplace
113,2026-02-14,454,18,3.65,295,Facebook Marketplace
113,2026-03-16,253,40,5.01,110,Facebook Marketplace
113,2026-03-18,191,41,5.96,248,Facebook Marketplace
113,2026-03-23,593,22,4.56,117,Facebook Marketplace
113,2026-03-28,532,19,5.06,116,Facebook Marketplace
114,2026-02-04,519,52,7.41,205,Temu
114,2026-02-06,389,49,4.93,357,Temu
114,2026-02-16,377,28,3.74,290,Temu
114,2026-02-23,481,77,4.76,184,Temu
114,2026-02-24,586,32,7.29,346,Temu
114,2026-03-06,238,54,6.84,187,Temu
114,2026-03-13,182,62,6.76,152,Temu
114,2026-03-19,138,45,6.64,312,Temu
115,2026-01-10,128,71,3.54,98,Shopee
115,2026-01-24,303,76,6.37,364,Shopee
115,2026-01-31,231,67,3.76,120,Shopee
115,2026-02-11,261,55,7.79,305,Shopee
115,2026-02-17,212,48,6.95,221,Shopee
115,2026-02-19,252,78,4.07,169,Shopee
115,2026-03-06,195,21,4.55,99,Shopee
115,2026-03-09,214,79,7.37,376,Shopee
115,2026-03-22,282,20,5.99,196,Shopee
115,2026-04-03,151,48,7.89,88,Shopee
116,2026-01-26,180,25,5.34,338,JD
116,2026-02-11,195,78,6.35,181,JD
116,2026-02-14,580,38,7.44,87,JD
116,2026-02-18,205,30,5.38,363,JD
116,2026-02-21,484,75,6.84,144,JD
116,2026-03-24,565,19,7.25,92,JD
116,2026-03-27,473,36,7.95,147,JD
116,2026-04-04,383,64,7.57,261,JD
116,2026-04-05,185,66,6.64,203,JD
117,2026-01-20,262,29,7.86,120,Facebook Marketplace
117,2026-01-26,501,43,6.77,247,Facebook Marketplace
117,2026-02-11,200,79,5.01,312,Facebook Marketplace
117,2026-03-05,442,80,6.52,117,Facebook Marketplace
117,2026-03-06,481,55,7.52,99,Facebook Marketplace
117,2026-03-13,341,27,7.7,346,Facebook Marketplace
118,2026-01-25,427,67,6.59,94,Shopee
118,2026-02-22,268,49,5.78,289,Shopee
118,2026-02-28,151,56,4.68,242,Shopee
118,2026-03-11,330,65,7.14,297,Shopee
118,2026-03-12,324,48,7.61,217,Shopee
118,2026-04-08,368,43,5.03,103,Shopee
119,2026-01-21,337,80,6.85,234,Temu
119,2026-02-02,260,73,4.41,215,Temu
119,2026-02-17,455,75,5.19,299,Temu
119,2026-02-19,167,43,7.85,367,Temu
119,2026-02-28,262,76,4.78,353,Temu
119,2026-03-25,379,46,5.22,334,Temu
119,2026-03-27,492,65,7.78,359,Temu
120,2026-01-10,333,37,4.18,114,JD
120,2026-01-26,122,54,6.66,182,JD
120,2026-01-30,475,27,5.92,249,JD
120,2026-02-04,168,22,6.31,384,JD
120,2026-02-10,200,23,5.08,366,JD
120,2026-02-18,572,43,5.05,87,JD
120,2026-02-20,595,39,4.74,298,JD
120,2026-03-09,419,54,5.15,286,JD
120,2026-03-10,598,47,6.03,183,JD
120,2026-03-17,159,34,3.96,190,JD
121,2026-01-09,420,54,4.98,268,Shopee
121,2026-01-10,588,47,5.76,86,Shopee
121,2026-01-31,430,49,3.65,220,Shopee
121,2026-02-02,448,76,5.29,209,Shopee
121,2026-02-03,260,22,7.87,95,Shopee
121,2026-02-24,561,75,7.99,312,Shopee
121,2026-02-25,371,37,5.63,359,Shopee
121,2026-02-26,533,28,3.67,94,Shopee
121,2026-03-06,433,34,6.68,170,Shopee
121,2026-03-17,565,31,3.87,141,Shopee
122,2026-01-26,259,40,4.3,231,Facebook Marketplace
122,2026-02-02,252,71,4.69,330,Facebook Marketplace
122,2026-02-06,301,61,5.07,347,Facebook Marketplace
122,2026-02-13,350,36,3.67,379,Facebook Marketplace
122,2026-02-18,317,34,5.92,187,Facebook Marketplace
122,2026-03-02,479,70,5.06,227,Facebook Marketplace
122,2026-03-22,226,58,6.65,337,Facebook Marketplace
123,2026-01-15,530,59,5.56,164,Shopee
123,2026-01-20,355,15,6.46,182,Shopee
123,2026-01-25,572,37,4.86,121,Shopee
123,2026-01-26,214,45,7.36,303,Shopee
123,2026-01-27,166,46,4.19,364,Shopee
123,2026-02-03,552,62,3.52,161,Shopee
123,2026-02-17,296,27,5.62,281,Shopee
123,2026-02-20,477,42,7.61,272,Shopee
123,2026-03-22,545,74,6.68,129,Shopee
123,2026-04-03,318,31,4.93,148,Shopee
124,2026-01-19,196,15,5.02,382,Temu
124,2026-01-23,252,40,5.82,394,Temu
124,2026-01-31,492,73,5.46,317,Temu
124,2026-02-24,264,20,4.05,330,Temu
124,2026-02-27,355,61,3.73,386,Temu
124,2026-03-04,471,62,4.64,252,Temu
124,2026-03-18,465,52,6.95,92,Temu
124,2026-04-05,397,49,4.3,262,Temu
125,2026-01-09,456,31,4.74,316,JD
125,2026-01-11,426,55,3.94,195,JD
125,2026-02-01,129,56,4.49,393,JD
125,2026-02-04,267,73,6.15,384,JD
125,2026-02-12,288,64,5.64,365,JD
125,2026-02-14,126,58,5.03,257,JD
125,2026-03-02,541,71,4.18,335,JD
125,2026-03-03,227,36,6.53,210,JD
125,2026-04-05,326,19,6.47,372,JD
126,2026-01-22,230,28,4.26,176,Shopee
126,2026-02-13,160,22,5.51,166,Shopee
126,2026-02-18,253,37,3.5,155,Shopee
126,2026-02-24,100,19,3.9,40,Shopee
126,2026-03-03,196,29,5.17,84,Shopee
126,2026-03-26,234,14,3.84,147,Shopee
126,2026-03-30,167,34,3.16,47,Shopee
127,2026-01-14,221,36,4.0,71,JD
127,2026-02-15,86,17,5.46,188,JD
127,2026-02-24,252,15,5.03,133,JD
127,2026-02-28,165,29,3.0,102,JD
127,2026-03-01,263,38,3.24,64,JD
127,2026-03-15,144,12,4.1,165,JD
128,2026-01-10,147,22,3.58,97,Temu
128,2026-01-17,98,25,4.63,70,Temu
128,2026-01-30,226,20,3.75,157,Temu
128,2026-01-31,205,8,5.44,174,Temu
128,2026-02-26,289,22,5.09,133,Temu
128,2026-03-11,230,10,3.89,65,Temu
128,2026-03-17,144,40,2.74,181,Temu
128,2026-04-01,196,13,5.9,54,Temu
128,2026-04-04,174,23,3.36,86,Temu
129,2026-01-22,86,27,5.75,93,Temu
129,2026-02-01,206,17,3.63,89,Temu
129,2026-02-02,256,33,5.25,80,Temu
129,2026-02-05,216,18,3.64,172,Temu
129,2026-02-07,181,34,5.23,108,Temu
129,2026-02-17,118,24,4.15,117,Temu
129,2026-02-18,154,17,3.57,130,Temu
129,2026-03-10,272,28,4.07,148,Temu
129,2026-03-14,204,33,5.17,41,Temu
129,2026-03-17,255,33,2.69,144,Temu
130,2026-01-20,143,24,4.45,114,Taobao
130,2026-01-28,236,9,2.99,57,Taobao
130,2026-02-03,282,28,5.85,132,Taobao
130,2026-02-09,291,36,5.12,94,Taobao
130,2026-02-16,107,28,4.14,157,Taobao
130,2026-03-06,152,29,3.2,106,Taobao
130,2026-03-21,125,9,2.99,145,Taobao
130,2026-03-23,169,33,5.32,52,Taobao
130,2026-03-25,272,11,5.7,171,Taobao
131,2026-02-03,137,18,3.98,109,Shopee
131,2026-02-04,119,21,5.2,46,Shopee
131,2026-02-07,95,36,2.93,136,Shopee
131,2026-02-18,66,36,5.54,93,Shopee
131,2026-02-19,157,11,4.06,142,Shopee
131,2026-04-03,110,21,5.2,191,Shopee
132,2026-01-10,132,10,4.14,57,JD
132,2026-01-13,77,17,4.02,73,JD
132,2026-01-16,52,9,4.33,39,JD
132,2026-01-25,124,9,2.79,34,JD
132,2026-01-26,130,9,1.88,46,JD
132,2026-01-28,69,16,3.49,53,JD
132,2026-03-10,109,14,1.88,23,JD
132,2026-03-16,72,4,4.2,24,JD
132,2026-03-26,124,8,4.27,25,JD
132,2026-04-07,99,16,3.86,87,JD
133,2026-01-13,251,32,4.71,90,Shopee
133,2026-01-25,106,8,3.0,48,Shopee
133,2026-01-27,273,23,3.07,122,Shopee
133,2026-02-19,62,38,4.19,128,Shopee
133,2026-02-25,108,33,4.08,94,Shopee
133,2026-03-04,176,24,4.41,70,Shopee
133,2026-03-24,250,25,4.79,171,Shopee
133,2026-04-03,296,29,3.68,87,Shopee
134,2026-01-15,135,32,5.65,147,Shopee
134,2026-02-03,288,38,4.14,74,Shopee
134,2026-02-13,244,27,2.5,104,Shopee
134,2026-03-01,241,27,3.23,196,Shopee
134,2026-03-04,212,12,2.71,145,Shopee
134,2026-03-19,95,17,4.18,81,Shopee
134,2026-03-28,255,23,3.87,80,Shopee
135,2026-01-22,157,10,4.61,191,Temu
135,2026-02-26,274,14,4.51,70,Temu
135,2026-03-12,255,23,3.76,194,Temu
135,2026-03-16,167,33,5.01,50,Temu
135,2026-03-21,148,36,5.48,186,Temu
135,2026-03-22,281,10,5.79,200,Temu
135,2026-03-27,250,35,4.84,46,Temu
135,2026-04-04,115,19,2.58,124,Temu
136,2026-01-31,218,12,3.2,63,Shopee
136,2026-02-15,242,33,5.48,77,Shopee
136,2026-02-28,243,29,4.36,141,Shopee
136,2026-03-14,94,32,2.86,115,Shopee
136,2026-03-18,217,13,3.63,97,Shopee
136,2026-03-21,173,10,3.36,79,Shopee
136,2026-04-01,230,25,2.59,97,Shopee
136,2026-04-08,273,22,3.36,97,Shopee
137,2026-02-07,164,17,5.18,190,Taobao
137,2026-02-16,140,8,5.9,53,Taobao
137,2026-02-17,242,30,4.56,58,Taobao
137,2026-02-20,217,12,4.35,81,Taobao
137,2026-03-15,247,20,3.37,193,Taobao
137,2026-03-18,258,19,5.43,47,Taobao
137,2026-03-22,226,39,5.05,124,Taobao
137,2026-04-05,82,14,5.81,186,Taobao
137,2026-04-08,239,32,5.32,137,Taobao
138,2026-01-14,459,56,7.6,368,Temu
138,2026-01-16,414,65,6.91,182,Temu
138,2026-01-20,264,56,4.11,181,Temu
138,2026-01-21,269,69,5.32,273,Temu
138,2026-02-23,162,77,3.61,133,Temu
138,2026-03-11,284,76,6.24,236,Temu
138,2026-03-16,374,51,6.97,108,Temu
138,2026-03-25,390,20,4.35,125,Temu
138,2026-04-03,277,37,6.38,104,Temu
139,2026-01-17,394,56,4.25,211,JD
139,2026-01-18,468,65,4.78,226,JD
139,2026-01-23,265,48,3.99,141,JD
139,2026-01-29,322,40,7.78,364,JD
139,2026-02-01,553,78,4.4,345,JD
139,2026-03-12,138,75,5.65,137,JD
139,2026-03-31,237,19,7.25,174,JD
140,2026-01-27,266,37,7.83,278,Taobao
140,2026-01-28,251,35,5.16,90,Taobao
140,2026-02-06,341,53,4.15,315,Taobao
140,2026-02-24,330,44,7.94,144,Taobao
140,2026-03-08,550,60,4.44,287,Taobao
140,2026-03-11,335,68,5.57,311,Taobao
140,2026-03-18,347,64,5.59,252,Taobao
140,2026-03-31,286,66,4.1,351,Taobao
141,2026-01-17,152,28,4.54,154,JD
141,2026-01-20,181,29,4.96,114,JD
141,2026-01-28,137,14,5.31,80,JD
141,2026-02-03,290,17,3.07,70,JD
141,2026-02-05,196,34,3.05,181,JD
141,2026-02-17,220,38,4.95,111,JD
141,2026-02-18,236,23,5.92,77,JD
141,2026-02-23,292,36,2.84,50,JD
142,2026-01-13,278,35,3.93,127,Facebook Marketplace
142,2026-02-12,93,30,5.02,181,Facebook Marketplace
142,2026-02-20,109,39,3.49,61,Facebook Marketplace
142,2026-02-24,293,36,5.72,61,Facebook Marketplace
142,2026-02-26,266,28,5.52,69,Facebook Marketplace
142,2026-03-15,65,16,5.32,67,Facebook Marketplace
142,2026-04-05,122,12,3.12,56,Facebook Marketplace
142,2026-04-07,99,23,5.23,59,Facebook Marketplace
142,2026-04-08,62,8,5.08,127,Facebook Marketplace
143,2026-02-18,467,23,6.06,243,Temu
143,2026-02-24,350,60,6.84,325,Temu
143,2026-03-25,309,78,4.85,330,Temu
143,2026-03-27,280,39,4.53,167,Temu
143,2026-04-06,141,60,5.34,316,Temu
143,2026-04-08,286,66,5.59,317,Temu
144,2026-01-25,520,44,6.69,392,Facebook Marketplace
144,2026-02-02,241,46,5.7,320,Facebook Marketplace
144,2026-02-13,575,17,4.91,128,Facebook Marketplace
144,2026-02-19,316,33,6.31,121,Facebook Marketplace
144,2026-02-20,390,77,5.58,216,Facebook Marketplace
144,2026-02-21,154,72,5.25,178,Facebook Marketplace
144,2026-03-21,525,50,6.7,266,Facebook Marketplace
144,2026-03-23,554,22,5.63,194,Facebook Marketplace
144,2026-04-08,444,15,4.97,397,Facebook Marketplace
145,2026-01-13,74,16,4.24,57,Taobao
145,2026-01-14,95,17,2.86,81,Taobao
145,2026-01-31,300,23,2.82,132,Taobao
145,2026-02-14,151,29,2.78,127,Taobao
145,2026-02-19,252,12,4.22,179,Taobao
145,2026-03-15,75,34,4.75,141,Taobao
145,2026-03-22,237,17,4.42,62,Taobao
145,2026-03-28,268,21,4.07,69,Taobao
145,2026-04-01,255,24,3.3,54,Taobao
146,2026-01-30,159,28,7.48,95,Facebook Marketplace
146,2026-02-09,437,21,7.36,220,Facebook Marketplace
146,2026-02-14,596,15,4.87,275,Facebook Marketplace
146,2026-03-11,493,35,3.94,268,Facebook Marketplace
146,2026-03-12,230,39,7.87,270,Facebook Marketplace
146,2026-03-21,158,50,5.38,91,Facebook Marketplace
146,2026-03-26,272,19,7.54,234,Facebook Marketplace
146,2026-03-27,192,48,5.56,184,Facebook Marketplace
146,2026-04-04,181,18,7.46,323,Facebook Marketplace
147,2026-01-27,179,30,5.19,77,JD
147,2026-01-31,268,39,4.86,144,JD
147,2026-02-19,152,35,2.8,104,JD
147,2026-02-22,286,16,3.66,131,JD
147,2026-02-25,225,37,4.08,178,JD
147,2026-03-01,280,18,5.61,127,JD
147,2026-03-02,189,17,4.6,178,JD
147,2026-03-19,221,18,5.48,186,JD
147,2026-03-24,95,21,5.39,141,JD
147,2026-03-31,80,34,5.58,168,JD
148,2026-01-12,252,14,3.98,190,Facebook Marketplace
148,2026-01-13,218,30,5.82,165,Facebook Marketplace
148,2026-02-10,66,32,2.64,164,Facebook Marketplace
148,2026-02-18,254,13,4.16,179,Facebook Marketplace
148,2026-02-22,83,13,3.36,64,Facebook Marketplace
148,2026-02-27,176,32,5.12,101,Facebook Marketplace
148,2026-03-10,214,38,2.62,119,Facebook Marketplace
148,2026-03-13,201,36,3.26,145,Facebook Marketplace
148,2026-04-08,84,8,4.89,191,Facebook Marketplace
149,2026-02-03,127,38,2.73,87,Taobao
149,2026-02-25,209,34,2.91,50,Taobao
149,2026-03-07,119,20,3.02,74,Taobao
149,2026-03-19,251,33,2.54,55,Taobao
149,2026-03-21,190,8,2.89,108,Taobao
149,2026-04-03,209,8,3.56,75,Taobao
149,2026-04-04,141,23,5.51,94,Taobao
150,2026-01-14,266,29,3.56,177,Taobao
150,2026-02-13,214,28,5.72,160,Taobao
150,2026-02-25,190,39,3.85,190,Taobao
150,2026-02-28,237,16,4.14,63,Taobao
150,2026-03-09,237,39,5.91,176,Taobao
150,2026-04-01,192,12,3.38,108,Taobao
150,2026-04-02,299,25,5.56,192,Taobao
151,2026-01-15,159,28,2.92,86,Temu
151,2026-01-22,91,31,5.16,53,Temu
151,2026-03-04,70,12,3.47,180,Temu
151,2026-03-05,197,25,2.95,64,Temu
151,2026-03-10,296,35,3.22,185,Temu
151,2026-03-12,75,8,2.89,199,Temu
151,2026-03-26,244,25,3.49,101,Temu
151,2026-03-30,119,22,4.66,186,Temu
152,2026-01-30,123,26,5.64,137,Taobao
152,2026-02-04,213,38,5.86,184,Taobao
152,2026-02-05,122,12,4.08,45,Taobao
152,2026-02-13,159,30,3.76,45,Taobao
152,2026-02-18,185,35,5.03,148,Taobao
152,2026-02-23,82,35,3.39,98,Taobao
152,2026-02-26,128,31,5.69,106,Taobao
152,2026-03-01,182,18,3.09,189,Taobao
152,2026-04-06,225,20,5.46,137,Taobao
152,2026-04-08,153,11,5.16,63,Taobao
153,2026-01-13,582,67,5.22,233,JD
153,2026-01-18,311,18,4.92,181,JD
153,2026-01-23,504,17,4.47,155,JD
153,2026-01-25,350,32,6.42,234,JD
153,2026-02-04,322,46,4.14,196,JD
153,2026-02-16,582,71,4.64,284,JD
153,2026-02-25,358,74,5.17,184,JD
153,2026-03-13,357,31,5.37,106,JD
153,2026-03-26,245,33,7.54,131,JD
153,2026-03-27,271,62,3.74,318,JD
154,2026-01-26,200,24,5.97,93,Temu
154,2026-01-28,60,12,3.07,49,Temu
154,2026-02-02,127,38,5.25,96,Temu
154,2026-03-03,179,18,5.74,166,Temu
154,2026-03-04,89,13,4.84,127,Temu
154,2026-03-22,217,31,5.48,106,Temu
155,2026-01-10,299,17,5.97,40,Shopee
155,2026-01-20,180,19,2.61,114,Shopee
155,2026-01-28,275,31,4.88,131,Shopee
155,2026-03-04,230,13,2.64,119,Shopee
155,2026-03-13,144,14,2.64,189,Shopee
155,2026-03-19,81,10,4.65,89,Shopee
156,2026-01-13,148,12,2.67,104,JD
156,2026-01-29,159,19,5.34,158,JD
156,2026-02-02,228,33,5.24,122,JD
156,2026-02-24,175,16,5.36,148,JD
156,2026-02-28,228,28,5.85,185,JD
156,2026-03-10,282,19,2.53,82,JD
156,2026-04-02,124,34,2.83,125,JD
157,2026-01-09,72,12,5.31,110,Temu
157,2026-01-14,197,34,2.56,118,Temu
157,2026-02-06,256,11,4.24,188,Temu
157,2026-02-08,114,26,5.23,100,Temu
157,2026-02-28,296,32,4.46,124,Temu
157,2026-03-05,105,20,2.55,149,Temu
157,2026-03-07,80,29,4.76,162,Temu
158,2026-01-17,196,20,4.18,129,Shopee
158,2026-01-27,67,29,5.49,150,Shopee
158,2026-01-29,86,40,5.22,143,Shopee
158,2026-02-21,114,18,3.17,163,Shopee
158,2026-03-16,258,12,5.92,98,Shopee
158,2026-04-07,273,39,4.45,157,Shopee
159,2026-01-15,279,25,7.15,361,Shopee
159,2026-01-19,598,53,7.58,232,Shopee
159,2026-02-05,171,66,6.89,100,Shopee
159,2026-02-07,279,68,3.92,250,Shopee
159,2026-02-13,257,21,4.12,128,Shopee
159,2026-03-23,421,15,3.98,324,Shopee
159,2026-03-24,141,75,7.14,287,Shopee
160,2026-01-27,216,46,5.7,220,Shopee
160,2026-02-03,343,21,4.63,301,Shopee
160,2026-02-04,357,35,3.78,110,Shopee
160,2026-02-23,503,73,5.86,184,Shopee
160,2026-02-27,331,29,7.47,152,Shopee
160,2026-03-06,265,50,4.3,87,Shopee
160,2026-03-31,362,23,6.14,258,Shopee
160,2026-04-03,275,43,5.52,221,Shopee
161,2026-01-14,224,74,5.36,117,Facebook Marketplace
161,2026-01-22,172,71,6.73,193,Facebook Marketplace
161,2026-01-26,497,42,4.48,129,Facebook Marketplace
161,2026-02-07,138,47,3.55,380,Facebook Marketplace
161,2026-03-02,329,30,7.96,381,Facebook Marketplace
161,2026-03-22,575,72,7.52,127,Facebook Marketplace
162,2026-01-18,478,36,4.7,346,Shopee
162,2026-01-19,485,57,7.49,160,Shopee
162,2026-01-22,544,42,7.79,297,Shopee
162,2026-01-28,208,71,4.76,213,Shopee
162,2026-01-29,430,42,7.67,90,Shopee
162,2026-02-05,220,66,4.83,354,Shopee
162,2026-02-07,358,26,7.44,139,Shopee
162,2026-03-03,527,31,7.55,197,Shopee
162,2026-03-05,497,29,6.02,282,Shopee
163,2026-01-09,313,59,6.37,125,Shopee
163,2026-01-12,305,50,5.89,287,Shopee
163,2026-01-14,313,30,4.56,156,Shopee
163,2026-01-15,528,49,5.8,244,Shopee
163,2026-02-09,309,21,5.15,167,Shopee
163,2026-02-11,521,63,6.78,362,Shopee
163,2026-03-05,485,20,6.31,107,Shopee
163,2026-03-09,328,41,4.58,388,Shopee
163,2026-03-26,558,73,6.28,88,Shopee
163,2026-04-03,515,38,4.07,111,Shopee
164,2026-01-22,211,50,4.99,148,Facebook Marketplace
164,2026-02-08,358,22,6.53,254,Facebook Marketplace
164,2026-02-25,139,52,6.59,109,Facebook Marketplace
164,2026-03-14,556,52,4.57,190,Facebook Marketplace
164,2026-03-16,226,60,4.37,349,Facebook Marketplace
164,2026-03-21,251,55,7.48,142,Facebook Marketplace
164,2026-04-08,322,43,7.13,132,Facebook Marketplace
165,2026-01-10,46,20,4.3,51,Facebook Marketplace
165,2026-01-12,118,16,2.7,83,Facebook Marketplace
165,2026-01-22,63,13,4.02,96,Facebook Marketplace
165,2026-01-23,45,17,4.28,99,Facebook Marketplace
165,2026-02-01,117,10,2.86,98,Facebook Marketplace
165,2026-02-04,131,15,2.16,27,Facebook Marketplace
165,2026-02-20,39,13,3.43,35,Facebook Marketplace
165,2026-03-03,141,20,3.53,93,Facebook Marketplace
165,2026-03-20,66,7,3.26,48,Facebook Marketplace
165,2026-03-25,59,16,3.23,63,Facebook Marketplace
166,2026-01-27,503,20,4.02,235,Shopee
166,2026-02-04,578,15,7.07,309,Shopee
166,2026-02-11,519,39,5.04,201,Shopee
166,2026-02-15,364,32,5.33,188,Shopee
166,2026-03-04,239,62,6.27,143,Shopee
166,2026-03-17,147,28,6.5,311,Shopee
166,2026-03-21,473,17,6.23,104,Shopee
166,2026-03-29,379,62,7.97,377,Shopee
166,2026-04-01,482,23,7.11,226,Shopee
167,2026-01-11,19,7,2.6,34,JD
167,2026-01-16,58,7,3.43,6,JD
167,2026-03-01,51,8,1.43,18,JD
167,2026-03-02,29,4,2.3,19,JD
167,2026-03-10,30,6,2.63,38,JD
167,2026-03-21,18,1,3.09,23,JD
167,2026-03-22,10,6,3.4,12,JD
167,2026-03-29,19,7,1.85,40,JD
167,2026-04-08,60,3,2.02,27,JD
168,2026-01-28,50,1,3.14,15,Temu
168,2026-02-08,40,4,1.0,37,Temu
168,2026-02-12,37,7,3.27,29,Temu
168,2026-02-17,14,1,1.29,29,Temu
168,2026-03-01,42,4,1.19,17,Temu
168,2026-03-15,49,6,3.06,6,Temu
168,2026-03-19,13,2,1.94,8,Temu
168,2026-03-25,49,5,1.2,9,Temu
169,2026-01-19,178,8,3.22,82,JD
169,2026-01-22,233,14,2.78,81,JD
169,2026-02-03,60,32,2.89,148,JD
169,2026-02-22,120,40,5.93,121,JD
169,2026-03-01,93,37,4.24,186,JD
169,2026-03-09,148,32,2.92,95,JD
169,2026-03-19,174,12,5.62,179,JD
170,2026-01-31,67,29,3.3,155,Facebook Marketplace
170,2026-02-18,249,9,4.22,190,Facebook Marketplace
170,2026-03-02,199,35,3.91,70,Facebook Marketplace
170,2026-03-15,176,38,4.95,143,Facebook Marketplace
170,2026-03-19,280,39,3.33,143,Facebook Marketplace
170,2026-04-06,192,17,5.51,43,Facebook Marketplace
171,2026-01-20,120,33,4.07,162,Temu
171,2026-01-31,110,19,2.59,197,Temu
171,2026-02-23,175,25,3.83,59,Temu
171,2026-03-06,217,12,5.02,158,Temu
171,2026-04-02,186,39,3.85,78,Temu
171,2026-04-07,279,35,4.27,79,Temu
172,2026-01-26,53,5,2.97,19,Facebook Marketplace
172,2026-02-01,22,2,1.85,15,Facebook Marketplace
172,2026-02-09,26,2,2.71,25,Facebook Marketplace
172,2026-02-15,21,6,2.81,35,Facebook Marketplace
172,2026-02-23,21,6,1.97,15,Facebook Marketplace
172,2026-03-28,35,4,3.17,19,Facebook Marketplace
172,2026-03-31,31,6,1.26,37,Facebook Marketplace
173,2026-01-13,33,4,1.99,10,JD
173,2026-01-20,30,5,2.13,25,JD
173,2026-02-08,30,4,1.27,16,JD
173,2026-02-12,33,4,3.04,35,JD
173,2026-02-20,56,2,1.6,32,JD
173,2026-03-16,38,6,1.11,22,JD
173,2026-03-24,19,2,1.71,10,JD
174,2026-01-09,265,27,3.8,98,Shopee
174,2026-01-12,210,22,2.75,100,Shopee
174,2026-01-14,93,15,5.3,121,Shopee
174,2026-01-19,77,21,2.52,127,Shopee
174,2026-01-24,183,10,4.33,148,Shopee
174,2026-01-26,202,19,4.89,112,Shopee
174,2026-01-28,137,26,5.48,174,Shopee
174,2026-02-20,217,32,3.85,198,Shopee
174,2026-03-04,243,39,3.0,96,Shopee
174,2026-04-07,168,36,5.65,152,Shopee
175,2026-01-17,110,36,5.26,95,Taobao
175,2026-01-24,297,19,5.85,47,Taobao
175,2026-01-31,143,19,3.1,187,Taobao
175,2026-02-01,205,21,5.09,83,Taobao
175,2026-02-05,85,35,5.3,189,Taobao
175,2026-03-06,79,27,3.33,180,Taobao
175,2026-03-08,96,23,5.64,123,Taobao
175,2026-03-10,227,31,4.96,102,Taobao
175,2026-04-01,262,21,3.62,118,Taobao
175,2026-04-06,128,34,2.93,158,Taobao
176,2026-03-09,38,6,2.71,28,Temu
176,2026-03-12,52,6,1.46,39,Temu
176,2026-03-14,35,1,3.0,7,Temu
176,2026-03-16,22,1,1.7,24,Temu
176,2026-03-20,25,7,2.61,25,Temu
176,2026-03-22,17,8,1.17,15,Temu
176,2026-03-27,23,2,1.06,14,Temu
176,2026-04-06,51,3,2.95,27,Temu
177,2026-01-13,125,20,3.85,51,Shopee
177,2026-01-26,55,10,1.9,93,Shopee
177,2026-02-21,54,17,2.83,46,Shopee
177,2026-03-07,98,4,3.58,78,Shopee
177,2026-03-29,113,13,3.9,33,Shopee
177,2026-04-03,49,13,2.28,31,Shopee
178,2026-02-02,76,16,2.63,36,Taobao
178,2026-02-13,57,4,2.5,29,Taobao
178,2026-02-19,143,8,1.87,81,Taobao
178,2026-02-23,149,5,2.94,66,Taobao
178,2026-03-04,108,9,3.09,91,Taobao
178,2026-03-19,93,12,1.96,96,Taobao
178,2026-03-20,109,5,3.0,30,Taobao
179,2026-01-15,304,50,5.71,182,Shopee
179,2026-01-19,530,66,4.29,180,Shopee
179,2026-02-07,132,17,6.04,173,Shopee
179,2026-02-14,298,60,5.51,299,Shopee
179,2026-02-20,425,47,5.73,184,Shopee
179,2026-03-09,181,15,5.0,182,Shopee
180,2026-01-10,204,70,7.32,151,Temu
180,2026-01-17,133,42,5.6,343,Temu
180,2026-01-23,355,36,3.98,290,Temu
180,2026-02-11,148,35,6.47,94,Temu
180,2026-02-15,442,48,3.93,359,Temu
180,2026-03-07,529,25,4.56,394,Temu
180,2026-03-22,412,80,6.18,379,Temu
180,2026-03-24,349,33,7.54,122,Temu
180,2026-03-26,347,17,6.79,355,Temu
180,2026-03-28,377,52,7.68,340,Temu
181,2026-01-22,269,20,7.48,295,Taobao
181,2026-02-01,479,51,7.26,272,Taobao
181,2026-02-23,316,46,6.74,393,Taobao
181,2026-02-28,339,18,4.7,341,Taobao
181,2026-03-08,279,34,3.79,85,Taobao
181,2026-03-24,198,58,3.96,152,Taobao
181,2026-04-01,201,60,6.11,204,Taobao
181,2026-04-03,542,67,4.74,359,Taobao
181,2026-04-04,184,15,5.76,373,Taobao
182,2026-01-25,413,20,5.96,81,Taobao
182,2026-02-11,563,66,5.58,362,Taobao
182,2026-03-16,194,27,4.72,306,Taobao
182,2026-03-18,258,67,5.83,133,Taobao
182,2026-03-26,523,43,7.28,398,Taobao
182,2026-04-08,214,65,6.32,215,Taobao
183,2026-01-10,147,9,4.5,118,Shopee
183,2026-01-29,256,28,5.88,89,Shopee
183,2026-02-17,260,40,5.32,47,Shopee
183,2026-02-18,168,16,3.35,134,Shopee
183,2026-02-24,126,33,5.57,73,Shopee
183,2026-03-04,278,19,5.2,126,Shopee
183,2026-03-06,239,26,2.69,141,Shopee
183,2026-03-12,221,29,4.61,128,Shopee
184,2026-01-24,463,44,5.77,209,Facebook Marketplace
184,2026-01-25,305,49,3.71,299,Facebook Marketplace
184,2026-01-31,250,54,6.44,226,Facebook Marketplace
184,2026-02-11,453,74,5.02,154,Facebook Marketplace
184,2026-02-17,565,40,7.3,119,Facebook Marketplace
184,2026-02-25,177,32,7.75,158,Facebook Marketplace
184,2026-03-15,598,72,4.78,355,Facebook Marketplace
185,2026-01-10,121,15,3.01,156,Facebook Marketplace
185,2026-02-19,188,40,4.81,177,Facebook Marketplace
185,2026-04-01,248,32,5.31,185,Facebook Marketplace
185,2026-04-02,208,35,5.96,175,Facebook Marketplace
185,2026-04-04,191,17,5.6,193,Facebook Marketplace
185,2026-04-06,75,27,5.98,120,Facebook Marketplace
186,2026-01-12,141,19,3.73,35,JD
186,2026-01-14,31,6,4.01,44,JD
186,2026-01-23,77,16,3.95,56,JD
186,2026-02-26,37,11,4.22,57,JD
186,2026-03-05,148,14,3.55,30,JD
186,2026-03-15,105,20,3.84,81,JD
186,2026-03-26,65,17,3.91,90,JD
186,2026-03-30,112,8,2.33,59,JD
186,2026-04-04,82,14,4.05,32,JD
187,2026-01-10,127,10,2.96,90,Temu
187,2026-01-14,55,13,3.3,68,Temu
187,2026-02-12,98,16,2.23,97,Temu
187,2026-02-25,88,4,3.23,89,Temu
187,2026-03-10,85,20,4.22,92,Temu
187,2026-03-16,45,19,3.23,82,Temu
187,2026-03-21,130,6,2.78,67,Temu
187,2026-03-25,132,17,2.29,78,Temu
187,2026-03-28,138,6,3.34,68,Temu
187,2026-03-29,32,11,2.14,31,Temu
188,2026-01-22,155,39,5.42,51,Facebook Marketplace
188,2026-01-25,141,35,5.23,72,Facebook Marketplace
188,2026-02-12,60,17,2.94,133,Facebook Marketplace
188,2026-02-15,187,8,4.99,44,Facebook Marketplace
188,2026-02-22,300,11,2.72,142,Facebook Marketplace
188,2026-02-24,116,29,3.94,53,Facebook Marketplace
188,2026-03-20,177,18,3.24,74,Facebook Marketplace
188,2026-04-06,131,38,5.97,168,Facebook Marketplace
189,2026-01-25,125,25,5.85,69,Taobao
189,2026-02-05,165,13,5.86,171,Taobao
189,2026-02-22,296,17,5.92,91,Taobao
189,2026-03-02,266,27,5.34,61,Taobao
189,2026-03-09,114,12,2.62,125,Taobao
189,2026-03-16,71,17,3.73,183,Taobao
189,2026-03-21,229,33,3.28,86,Taobao
189,2026-03-23,77,37,5.62,94,Taobao
189,2026-03-25,285,31,4.03,174,Taobao
189,2026-03-26,255,23,3.68,78,Taobao
190,2026-01-12,243,31,5.72,120,Facebook Marketplace
190,2026-01-15,269,25,4.95,61,Facebook Marketplace
190,2026-01-30,234,19,5.99,61,Facebook Marketplace
190,2026-01-31,230,16,3.14,120,Facebook Marketplace
190,2026-02-27,260,30,5.55,55,Facebook Marketplace
190,2026-03-01,62,18,5.51,52,Facebook Marketplace
190,2026-03-31,80,28,2.89,94,Facebook Marketplace
190,2026-04-06,280,19,5.67,128,Facebook Marketplace
190,2026-04-08,264,24,4.04,198,Facebook Marketplace
191,2026-01-14,79,6,1.89,72,Taobao
191,2026-01-27,92,4,3.54,70,Taobao
191,2026-02-21,103,17,4.35,90,Taobao
191,2026-02-24,37,6,3.28,76,Taobao
191,2026-02-25,91,12,1.92,50,Taobao
191,2026-03-22,91,20,2.52,36,Taobao
191,2026-04-06,121,10,3.59,92,Taobao
192,2026-01-09,95,12,2.46,39,Temu
192,2026-01-14,143,7,2.04,70,Temu
192,2026-02-09,86,11,3.95,98,Temu
192,2026-02-23,148,4,2.56,62,Temu
192,2026-03-02,148,18,2.7,92,Temu
192,2026-03-19,101,18,2.67,92,Temu
192,2026-03-21,140,9,2.04,95,Temu
192,2026-03-31,124,17,2.64,70,Temu
192,2026-04-05,35,11,4.37,50,Temu
193,2026-01-17,531,80,4.74,239,Taobao
193,2026-01-28,563,21,6.46,343,Taobao
193,2026-01-31,190,36,6.75,324,Taobao
193,2026-02-05,203,15,3.74,362,Taobao
193,2026-02-26,229,52,5.91,400,Taobao
193,2026-03-11,594,44,4.11,159,Taobao
193,2026-03-15,150,47,3.9,222,Taobao
193,2026-03-20,369,50,6.45,147,Taobao
193,2026-03-24,593,29,3.8,264,Taobao
193,2026-03-27,415,40,6.65,144,Taobao
194,2026-01-19,412,80,7.12,265,JD
194,2026-01-28,305,22,4.86,226,JD
194,2026-02-07,518,47,4.85,98,JD
194,2026-02-27,345,70,5.26,180,JD
194,2026-02-28,470,54,6.22,176,JD
194,2026-04-08,487,43,6.05,256,JD
195,2026-01-12,257,78,4.99,312,JD
195,2026-02-12,325,49,6.75,251,JD
195,2026-02-25,222,61,7.85,303,JD
195,2026-02-27,309,75,7.96,218,JD
195,2026-03-01,321,64,7.69,384,JD
195,2026-03-09,517,79,5.22,112,JD
195,2026-03-13,340,41,7.58,144,JD
195,2026-03-22,160,37,5.04,269,JD
195,2026-04-05,131,16,6.08,396,JD
195,2026-04-07,589,54,5.79,254,JD
196,2026-01-19,131,28,3.05,132,Temu
196,2026-01-20,268,25,5.09,85,Temu
196,2026-02-25,170,40,5.29,106,Temu
196,2026-03-07,128,39,2.67,167,Temu
196,2026-03-20,109,18,5.54,46,Temu
196,2026-03-21,237,34,5.29,77,Temu
197,2026-01-13,110,32,4.68,129,JD
197,2026-01-20,241,17,4.31,140,JD
197,2026-01-24,105,9,4.6,87,JD
197,2026-01-30,207,39,5.24,128,JD
197,2026-02-03,92,31,5.88,130,JD
197,2026-03-13,271,21,5.68,77,JD
197,2026-03-17,103,17,4.74,153,JD
197,2026-03-30,118,20,5.63,194,JD
197,2026-04-07,215,19,2.5,133,JD
198,2026-01-15,580,64,4.59,325,Temu
198,2026-01-16,562,46,3.8,138,Temu
198,2026-02-01,392,22,4.72,331,Temu
198,2026-02-05,261,28,7.22,83,Temu
198,2026-02-21,368,55,4.53,366,Temu
198,2026-02-25,276,30,6.44,245,Temu
198,2026-02-26,196,16,7.5,116,Temu
198,2026-03-29,232,64,4.29,109,Temu
198,2026-04-02,380,51,6.49,197,Temu
199,2026-02-21,438,75,6.42,295,Taobao
199,2026-03-08,300,45,7.28,186,Taobao
199,2026-03-17,443,54,4.41,388,Taobao
199,2026-03-18,166,63,4.98,176,Taobao
199,2026-03-23,135,80,6.52,376,Taobao
199,2026-04-08,446,57,4.32,143,Taobao
200,2026-01-15,244,8,3.13,129,Facebook Marketplace
200,2026-02-04,88,18,4.35,158,Facebook Marketplace
200,2026-02-19,165,21,3.99,100,Facebook Marketplace
200,2026-02-25,80,28,4.65,174,Facebook Marketplace
200,2026-03-09,218,29,4.64,129,Facebook Marketplace
200,2026-03-25,296,26,3.95,151,Facebook Marketplace
200,2026-04-07,123,27,5.9,107,Facebook Marketplace
